epoch,accuracy,loss,val_accuracy,val_loss
0,0.8578000068664551,0.47540590167045593,0.9283999800682068,0.2593238353729248
1,0.9376333355903625,0.2297963798046112,0.9448999762535095,0.2055748552083969
2,0.9504166841506958,0.185599684715271,0.9498999714851379,0.18695233762264252
3,0.9554333090782166,0.16281850636005402,0.9513999819755554,0.1861272156238556
